,country,continent,median_salary,distance
0,AFGHANISTAN,Asia,853.74,5712.462
1,ALBANIA,Europe,832.84,5504.444
2,ALGERIA,Africa,1148.84,5845.16
3,AMERICAN SAMOA,Oceania,1390.0,16330.856
4,ANDORRA,Europe,3668.08,6407.176
5,ANGOLA,Africa,284.39,2500.862
6,ANGUILLA,1750,Caribbean,11157.006
7,ANTIGUA AND BARBUDA,Caribbean,1548.15,11021.506
8,ARGENTINA,South America,110.28,10004.403
9,ARMENIA,Asia,1700.25,5210.644
10,ARUBA,Caribbean,1106.15,11873.617
11,AUSTRALIA,Oceania,4306.45,11695.93
12,AUSTRIA,Europe,3572.94,6315.175
13,AZERBAIJAN,Asia,1558.82,5354.227
14,BAHAMAS,North America,3541.0,12629.575
15,BAHRAIN,Asia,3617.02,3925.534
16,BANGLADESH,Asia,218.57,6792.857
17,BARBADOS,Caribbean,1395.0,10749.949
18,BELARUS,Europe,849.5,6701.247
19,BELGIUM,Europe,5729.39,6997.718
20,BELIZE,Central America,1730.0,13882.838
21,BENIN,Africa,488.25,3952.98
22,BERMUDA,Northern America,1440.0,11366.622
23,BHUTAN,Asia,407.26,6885.6
24,BOLIVIA (PLURINATIONAL STATE OF),South America,1131.5,11292.481
25,BOSNIA AND HERZEGOVINA,Europe,1151.35,5809.007
26,BOTSWANA,Africa,729.39,2298.837
27,BRAZIL,South America,1490.04,9157.075
28,BRITISH VIRGIN ISLANDS,North America,1600.0,11322.691
29,BRUNEI DARUSSALAM,Asia,2110.29,8887.993
30,BULGARIA,Europe,1605.41,5555.787
31,BURKINA FASO,Africa,485.02,4606.432
32,BURUNDI,Africa,384.78,771.524
33,CABO VERDE,Africa,1706.29,6939.836
34,CAMBODIA,Asia,745.19,7906.501
35,CAMEROON,Africa,633.27,2912.335
36,CANADA,Northern America,6311.03,12164.783
37,CARIBBEAN NETHERLANDS,1750,Caribbean,11680.295
38,CAYMAN ISLANDS,Caribbean,3430.97,13087.505
39,CENTRAL AFRICAN REPUBLIC,Africa,621.99,2237.172
40,CHAD,Africa,707.39,3055.157
41,CHANNEL ISLANDS,4600,Europe,7146.932
42,CHANNEL ISLANDS,4600,Europe,7190.373
43,CHILE,South America,1890.4,11138.262
44,CHINA,Asia,3684.93,9656.774
45,"CHINA, HONG KONG SAR",Asia,4252.87,9094.697
46,"CHINA, MACAO SAR",Asia,856.26,9027.949
47,"CHINA, TAIWAN PROVINCE OF CHINA",Asia,3571.43,9882.735
48,COLOMBIA,South America,995.6,12262.5
49,COMOROS,Africa,567.21,1027.945
50,CONGO,Africa,1058.67,2277.378
51,COOK ISLANDS,Oceania,2538.92,16539.553
52,COSTA RICA,Central America,4016.06,13397.872
53,CÔTE D'IVOIRE,Africa,497.91,4599.028
54,CROATIA,Europe,1935.48,6083.907
55,CUBA,Caribbean,783.33,13158.471
56,CURAÇAO,1000,South America,11752.522
57,CYPRUS,Europe,1976.74,4581.569
58,CZECHIA,Europe,2310.03,6564.265
59,DEM. PEOPLE'S REPUBLIC OF KOREA,Asia,192.22575,10441.79
60,DEMOCRATIC REPUBLIC OF THE CONGO,Africa,170.39,2273.294
61,DENMARK,Europe,5084.99,7179.725
62,DJIBOUTI,Africa,1378.57,2128.343
63,DOMINICA,Caribbean,496.3,10959.272
64,DOMINICAN REPUBLIC,Caribbean,318.89,11880.931
65,ECUADOR,South America,1260.0,12700.064
66,EGYPT,Africa,254.53,4035.714
67,EL SALVADOR,Central America,1470.0,13951.436
68,EQUATORIAL GUINEA,Africa,671.94,3190.885
69,ERITREA,Africa,402.0,2404.331
70,ESTONIA,Europe,2579.28,7338.951
71,ETHIOPIA,Africa,143.88,1713.339
72,FAEROE ISLANDS,Europe,3484.42,8388.212
73,FALKLAND ISLANDS (MALVINAS),3755,South America,9720.874
74,FIJI,Oceania,1939.13,15126.445
75,FINLAND,Europe,4238.9,7416.633
76,FRANCE,Europe,3769.56,6907.107
77,FRENCH GUIANA,South America,2896.41,9864.327
78,FRENCH POLYNESIA,Oceania,1133.75,17319.459
79,GABON,Africa,800.85,3009.609
80,GAMBIA,Africa,223.7,6186.656
81,GEORGIA,Asia,2309.7,5380.471
82,GERMANY,Europe,3731.5,6839.491
83,GHANA,Africa,373.82,4198.677
84,GIBRALTAR,Europe,3567.07,6349.192
85,GREECE,Europe,2241.01,5040.551
86,GREENLAND,Northern America,3526.91,10495.784
87,GRENADA,Caribbean,2066.67,10971.608
88,GUADELOUPE,Caribbean,3985.2,11000.652
89,GUAM,Oceania,1270.0,12229.199
90,GUATEMALA,Central America,1222.65,14091.421
91,GUINEA,Africa,696.71,5747.707
92,GUINEA-BISSAU,Africa,475.35,6023.13
93,GUYANA,South America,731.32,10527.067
94,HAITI,Caribbean,444.95,12137.898
95,HOLY SEE,3500,Europe,5825.82
96,HONDURAS,Central America,1022.22,13735.933
97,HUNGARY,Europe,1227.46,6167.911
98,ICELAND,Europe,4661.2,9129.231
99,INDIA,Asia,327.97,5883.833
100,INDONESIA,Asia,678.91,7862.244
101,IRAN (ISLAMIC REPUBLIC OF),Asia,932.63,4916.273
102,IRAQ,Asia,1382.38,4467.743
103,IRELAND,Europe,3021.14,7679.28
104,ISLE OF MAN,3965,Europe,7662.426
105,ISRAEL,3657,Asia,4199.119
106,ITALY,Europe,3467.23,5823.932
107,JAMAICA,Caribbean,565.78,12609.844
108,JAPAN,Asia,3158.67,11671.474
109,JORDAN,Asia,1946.4,4219.454
110,KAZAKHSTAN,Asia,701.0,7212.581
111,KENYA,Africa,863.29,553.69
112,KIRIBATI,Oceania,2206.45,15259.003
113,KUWAIT,4057,Asia,4145.266
114,KYRGYZSTAN,Asia,201.87,6698.793
115,LAO PEOPLE'S DEMOCRATIC REPUBLIC,Asia,206.42,7811.023
116,LATVIA,Europe,1654.0727,7076.265
117,LEBANON,Asia,753.33,4435.165
118,LESOTHO,Africa,540.54,2704.82
119,LIBERIA,Africa,334.39,5350.915
120,LIBYA,Africa,417.18,4936.178
121,LIECHTENSTEIN,Europe,5224.04,6445.618
122,LITHUANIA,Europe,903.87466,6815.06
123,LUXEMBOURG,Europe,4767.44,6812.404
124,MADAGASCAR,Africa,250.87,1903.314
125,MALAWI,Africa,132.38,888.287
126,MALAYSIA,Asia,1236.17,7402.064
127,MALDIVES,Asia,1099.61,4351.204
128,MALI,Africa,478.58,5267.408
129,MALTA,Europe,4439.75,5158.702
130,MARSHALL ISLANDS,Oceania,2070.0,15132.488
131,MARTINIQUE,Caribbean,2949.26,10919.984
132,MAURITANIA,Africa,44.623043,6281.037
133,MAURITIUS,Africa,901.53,2815.079
134,MAYOTTE,Africa,2389.01,1272.063
135,MEXICO,Central America,1681.97,14937.982
136,MICRONESIA (FED. STATES OF),Oceania,1250.0,13671.965
137,MONACO,Europe,4112.05,6217.686
138,MONGOLIA,Asia,515.76,9134.447
139,MONTENEGRO,Europe,2621.56,5636.428
140,MONTSERRAT,Caribbean,859.26,11058.036
141,MOROCCO,Africa,1634.24,6311.894
142,MOZAMBIQUE,Africa,549.81,2215.941
143,MYANMAR,Asia,228.46,7205.033
144,NAMIBIA,Africa,821.41,2702.19
145,NAURU,613,Oceania,14560.923
146,NEPAL,Asia,551.13,6512.928
147,NETHERLANDS,Europe,4756.87,7115.211
148,NEW CALEDONIA,Oceania,664.3,13804.876
149,NEW ZEALAND,Oceania,4196.41,13306.356
150,NICARAGUA,Central America,449.1,13636.811
151,NIGER,Africa,480.19,4307.717
152,NIGERIA,Africa,389.85,3558.238
153,NIUE,4333,Oceania,16056.832
154,NORTHERN MARIANA ISLANDS,Oceania,1820.0,12341.82
155,NORWAY,Europe,4420.02,7650.735
156,OMAN,Asia,3932.29,4126.284
157,PAKISTAN,Asia,245.34,5911.125
158,PALAU,Oceania,2380.0,11065.498
159,PANAMA,Central America,1890.0,12893.854
160,PAPUA NEW GUINEA,Oceania,1010.96,12237.655
161,PARAGUAY,South America,1019.69,10062.934
162,PERU,South America,1825.86,12326.16
163,PHILIPPINES,Asia,728.78,9679.47
164,POLAND,Europe,1496.57,6621.039
165,PORTUGAL,Europe,2537.0,6788.922
166,PUERTO RICO,Caribbean,1483.0,11480.079
167,QATAR,Asia,3846.15,3876.09
168,REPUBLIC OF KOREA,Asia,2593.42,10536.292
169,REPUBLIC OF MOLDOVA,Europe,1318.68,5929.447
170,RÉUNION,Africa,1966.17,2677.654
171,ROMANIA,Europe,1739.87,5687.144
172,RUSSIAN FEDERATION,Europe,975.51,6865.992
173,RWANDA,Africa,525.39,784.923
174,SAINT HELENA,1040,Africa,4647.145
175,SAINT KITTS AND NEVIS,Caribbean,1092.59,11116.173
176,SAINT LUCIA,Caribbean,922.22,10906.165
177,SAINT PIERRE AND MIQUELON,1839,Northern America,10652.368
178,SAINT VINCENT AND THE GRENADINES,Caribbean,1144.44,10924.275
179,SAMOA,Oceania,808.66,16266.156
180,SAN MARINO,Europe,4450.32,6022.479
181,SAO TOME AND PRINCIPE,Africa,254.88163,3302.995
182,SAUDI ARABIA,Asia,3840.0,3615.544
183,SENEGAL,Africa,493.08,6306.545
184,SERBIA,Europe,1120.04,5850.359
185,SEYCHELLES,Africa,1246.44,2191.107
186,SIERRA LEONE,Africa,249.1,5671.567
187,SINGAPORE,Asia,5647.06,7613.617
188,SINT MAARTEN (DUTCH PART),3380,Caribbean,11154.597
189,SLOVAKIA,Europe,2114.16,6287.974
190,SLOVENIA,Europe,1934.46,6156.311
191,SOLOMON ISLANDS,Oceania,644.89,13610.45
192,SOMALIA,Africa,392.16,1401.611
193,SOUTH AFRICA,Africa,1441.44,3554.013
194,SOUTH SUDAN,793,Africa,1303.616
195,SPAIN,Europe,2579.28,6548.197
196,SRI LANKA,Asia,249.68,5109.039
197,STATE OF PALESTINE,Asia,1510.0,4200.691
198,SUDAN,Africa,67.61,2428.449
199,SURINAME,South America,122.18,10187.593
200,SWAZILAND,Africa,204.56,2282.454
201,SWEDEN,Europe,3568.16,7429.933
202,SWITZERLAND,Europe,9836.07,6511.966
203,SYRIAN ARAB REPUBLIC,Asia,10.12,4392.08
204,TAJIKISTAN,Asia,959.78,6011.759
205,TFYR MACEDONIA,Europe,677.0,5528.825
206,THAILAND,Asia,2432.28,7487.591
207,TIMOR-LESTE,Asia,2030.0,9898.229
208,TOGO,Africa,787.96,4070.488
209,TOKELAU,150,Oceania,16576.071
210,TONGA,Oceania,668.09,15488.212
211,TRINIDAD AND TOBAGO,Caribbean,1258.11,10934.098
212,TUNISIA,Africa,1088.33,5453.39
213,TURKEY,Asia,254.1,5111.753
214,TURKMENISTAN,Asia,1342.86,5418.938
215,TURKS AND CAICOS ISLANDS,North America,1350.0,12012.054
216,TUVALU,450,Oceania,15663.757
217,UGANDA,Africa,645.21,798.666
218,UKRAINE,Europe,530.73,6293.064
219,UNITED ARAB EMIRATES,Asia,3324.25,3945.626
220,UNITED KINGDOM,Europe,6300.0,7247.688
221,UNITED REPUBLIC OF TANZANIA,Africa,457.77,0.0
222,UNITED STATES OF AMERICA,Northern America,6966.0,12407.919
223,UNITED STATES VIRGIN ISLANDS,North America,2380.0,11355.477
224,URUGUAY,South America,773.64,9798.305
225,UZBEKISTAN,Asia,97.25,6262.908
226,VANUATU,Oceania,750.74,14186.964
227,VENEZUELA (BOLIVARIAN REPUBLIC OF),South America,3282.02,11517.886
228,VIET NAM,Asia,612.57,8220.491
229,WALLIS AND FUTUNA ISLANDS,3200,Oceania,15895.41
230,WESTERN SAHARA,Africa,908.56,6428.733
231,YEMEN,Asia,120.98,2557.259
232,ZAMBIA,Africa,0.26133504,1307.419
233,ZIMBABWE,Africa,555.40204,1386.503
